{"cameraMode":{"drawMode":0,"name":"Shaded","section":"Shading Mode"},"sceneLighting":true,"audioPlay":false,"sceneViewState":{"m_AlwaysRefresh":false,"showFog":true,"showSkybox":true,"showFlares":true,"showImageEffects":true,"showParticleSystems":true,"showVisualEffectGraphs":true,"m_FxEnabled":true},"in2DMode":false,"pivot":{"x":48.0334587097168,"y":-5.7552103996276859,"z":3.955470085144043},"rotation":{"x":0.10911306738853455,"y":-0.05513925850391388,"z":0.00606198376044631,"w":0.9924825429916382},"size":24.523380279541017,"orthographic":false}